words,cos,match
0.5,0.4084586695121643,0
0.5,0.3277043420646731,0
0.3,0.0,0
0.4285714285714285,0.107310503336256,0
0.5714285714285714,0.3056365596878545,0
0.2857142857142857,0.0,0
0.2727272727272727,0.051596337842915,0
0.4285714285714285,0.1082961079274342,0
0.2142857142857142,0.1133024404603714,0
0.875,0.5404253926141439,0
0.375,0.0976727918907502,0
0.3,0.2629195143402467,0
0.6,0.2213171051548096,0
0.4444444444444444,0.1568137681548479,0
0.4285714285714285,0.1563836120830261,0
0.3,0.1244703979110468,0
0.5,0.1690667552951611,0
0.5,0.2330331520123917,0
0.5714285714285714,0.4279037197022608,0
0.5,0.2658648567227174,0
0.7142857142857143,0.571100077274705,0
0.2857142857142857,0.094962332979454,0
0.4285714285714285,0.3098553174698171,0
0.4285714285714285,0.559928654302384,0
0.3571428571428571,0.2717418930873713,0
0.5714285714285714,0.2534496713215723,0
0.4285714285714285,0.1497437852386944,0
0.6666666666666666,0.5826682672240735,0
0.2222222222222222,0.0,0
0.4285714285714285,0.1403554512901167,0
0.3846153846153846,0.2988180969281763,0
0.3846153846153846,0.2988180969281763,0
0.2857142857142857,0.0,0
0.2857142857142857,0.0,0
0.1538461538461538,0.0,0
0.2307692307692307,0.091911791764661,0
0.2307692307692307,0.076938511928335,0
0.4285714285714285,0.1206603142901677,0
0.2857142857142857,0.0,0
0.2307692307692307,0.1144411810642229,0
0.1538461538461538,0.0,0
0.2307692307692307,0.110499132370492,0
0.2666666666666666,0.0791391449550402,0
0.3636363636363636,0.1152359158445434,0
0.2,0.0814298755446628,0
0.375,0.1021418405415817,0
0.25,0.0,0
0.4545454545454545,0.3427655462092785,0
0.4545454545454545,0.4922800625245037,0
0.3333333333333333,0.10517192323735,0
0.3636363636363636,0.0777734552829925,0
0.3,0.1274919307477316,0
0.5,0.1577106781765277,0
0.5,0.1364162170132821,0
0.3333333333333333,0.0,0
0.5,0.1587324056661986,0
0.2352941176470588,0.0648265342084012,0
0.3,0.1672765019245029,0
0.2222222222222222,0.0,0
0.5555555555555556,0.1290518501330665,0
0.3888888888888889,0.3137151254077753,0
0.25,0.0722478404420001,0
0.8,0.4611763569808251,0
0.8,0.5647764938095019,0
0.8,0.5647764938095019,0
0.8,0.5321236023417115,0
0.6,0.2142928060238513,0
0.6,0.2868551858654836,0
0.5,0.1364719967404927,0
0.4,0.0,0
0.4,0.0,0
0.6,0.0993775336716397,0
0.4,0.0,0
0.375,0.129198434207746,0
0.375,0.0624155188965204,0
0.3636363636363636,0.1566669920124284,0
0.2142857142857142,0.1045183434258003,0
0.2857142857142857,0.0974683175880072,0
0.2857142857142857,0.1432567267989227,0
0.2857142857142857,0.0,0
0.2857142857142857,0.0,0
0.5714285714285714,0.3228268158118828,0
0.3,0.0775011059603287,0
0.3333333333333333,0.0603853358959387,0
0.2727272727272727,0.0548125699345353,0
0.6,0.1765445835434821,0
0.4285714285714285,0.1111640619829071,0
0.6666666666666666,0.5586556769437505,0
0.6666666666666666,0.5586556769437505,0
0.5,0.2249776031106266,0
0.8333333333333334,0.4841709496924904,0
1.0,0.7905367662118223,0
0.5,0.3011579966370256,0
0.3,0.0449194910353008,0
0.5833333333333334,0.6459761669579769,0
0.3333333333333333,0.1439944451268572,0
0.3333333333333333,0.0633055055375912,0
0.3333333333333333,0.0730117288828742,0
0.3333333333333333,0.0748387923303023,0
0.3333333333333333,0.0,0
0.2,0.1018996098115917,0
0.5,0.3212013796438958,0
0.5,0.3212013796438958,0
0.8,0.5657742409488715,0
0.3333333333333333,0.3832585994419232,0
0.3571428571428571,0.2002026803642509,0
0.4666666666666667,0.2020852417807953,0
0.3571428571428571,0.2710531099996385,0
0.4,0.2864984032099993,0
0.4545454545454545,0.2737701846125611,0
0.4545454545454545,0.1876668461207286,0
0.7142857142857143,0.3827549368636082,0
0.4444444444444444,0.3724475165091915,0
0.5714285714285714,0.4464765830486148,0
0.4285714285714285,0.1778530668331615,0
0.3333333333333333,0.0,0
0.4285714285714285,0.1508834823516541,0
0.3333333333333333,0.0,0
0.8571428571428571,0.6962815931474314,0
0.4285714285714285,0.1090412897140947,0
0.3333333333333333,0.0,0
0.3333333333333333,0.0,0
0.75,0.1579389032619504,0
0.5,0.0,0
0.75,0.2420157211637729,0
0.5,0.1420019900584727,0
0.2857142857142857,0.0,0
0.5,0.1304211713837123,0
0.3333333333333333,0.1345985948991699,0
0.2222222222222222,0.0,0
0.2307692307692307,0.0955158199645771,0
0.2857142857142857,0.0,0
0.2857142857142857,0.0,0
0.6666666666666666,0.3240047200285438,0
0.3333333333333333,0.0693215289345633,0
0.3333333333333333,0.0759234429209804,0
0.5714285714285714,0.3719183087159696,0
0.3125,0.1367219309785058,0
0.2727272727272727,0.0,0
0.2727272727272727,0.1961007060685665,0
0.2727272727272727,0.1961007060685665,0
0.5384615384615384,0.4883700004853036,0
0.2307692307692307,0.0555293829652005,0
0.4285714285714285,0.1837086928051805,0
0.75,0.2837463665733939,0
0.5,0.0,0
0.25,0.0,0
0.6,0.3274637564132667,0
0.3,0.1230214075943855,0
0.25,0.0,0
0.375,0.3106639439295314,0
0.1142857142857142,0.0806112455877662,0
0.1428571428571428,0.2203432880086148,0
0.1428571428571428,0.0,0
0.4285714285714285,0.1398991065390158,0
0.4285714285714285,0.0741220195443013,0
0.4545454545454545,0.3369394814802616,0
0.4285714285714285,0.0638973485775439,0
0.5,0.344297251809825,0
0.4,0.2235387102532272,0
0.375,0.1547763728132294,0
0.25,0.0,0
0.25,0.0,0
0.3333333333333333,0.2380630707781407,0
0.2307692307692307,0.0854937469941473,0
0.4090909090909091,0.4324243167726859,0
0.7,0.560877371509687,0
0.2222222222222222,0.0,0
0.5,0.2005631376028341,0
0.5,0.1855924555905364,0
0.5,0.1290962812204323,0
0.2105263157894736,0.1503316042054421,0
0.3333333333333333,0.1276979674865119,0
0.4285714285714285,0.0978618993006666,0
0.4285714285714285,0.1145742003577576,0
0.4285714285714285,0.1291745484241198,0
0.2666666666666666,0.1012131733431767,0
0.3,0.0280517249363298,0
1.0,1.0000000000000002,1
1.0,0.9320169085084706,1
0.8571428571428571,0.5779231156519284,1
0.8,1.0,1
0.6,0.5782590398064208,1
0.3,0.1349794959109834,1
0.3,0.1744182565168963,1
0.6,0.5782590398064208,1
0.3,0.1349794959109834,1
0.3,0.1744182565168963,1
0.5555555555555556,0.4966992998832585,1
0.3333333333333333,0.1024729038780985,1
0.4285714285714285,0.1136213542963381,1
1.0,1.0,1
1.0,1.0,1
1.0,1.0,1
1.0,1.0,1
1.0,1.0,1
1.0,1.0,1
1.0,0.637645545521379,1
1.0,0.4888140667505941,1
1.0,1.0,1
1.0,0.637645545521379,1
1.0,0.637645545521379,1
1.0,0.637645545521379,1
1.0,0.637645545521379,1
1.0,1.0,1
0.6153846153846154,0.3781228399646978,1
0.5384615384615384,0.637645545521379,1
1.0,1.0,1
1.0,1.0,1
1.0,1.0,1
1.0,1.0,1
0.5384615384615384,0.637645545521379,1
0.4666666666666667,0.4888140667505941,1
0.5333333333333333,0.3781228399646978,1
0.5333333333333333,0.3781228399646978,1
0.5333333333333333,0.3781228399646978,1
0.5333333333333333,0.3781228399646978,1
0.4666666666666667,0.4888140667505941,1
1.0,0.637645545521379,1
1.0,0.637645545521379,1
1.0,0.637645545521379,1
1.0,0.637645545521379,1
1.0,1.0,1
1.0,1.0,1
1.0,1.0,1
1.0,1.0,1
0.5384615384615384,0.637645545521379,1
1.0,1.0,1
1.0,1.0,1
0.5384615384615384,0.637645545521379,1
1.0,1.0,1
0.5384615384615384,0.637645545521379,1
0.5384615384615384,0.637645545521379,1
0.2666666666666666,0.2163965010013703,1
0.9444444444444444,1.0000000000000002,1
0.25,0.0,1
0.6363636363636364,0.6761579661517019,1
0.6363636363636364,0.6761579661517019,1
1.0,1.0000000000000002,1
1.0,1.0,1
1.0,1.0,1
0.5,0.1498005213196571,1
0.5,0.1498005213196571,1
1.0,1.0,1
0.6,0.2053634224556723,1
0.238095238095238,0.1411901193334374,1
1.0,1.0000000000000002,1
1.0,1.0000000000000002,1
1.0,1.0000000000000002,1
0.6,0.4707851837473566,1
1.0,0.5880195399751564,1
0.5454545454545454,0.4385732317050996,1
0.5454545454545454,0.4385732317050996,1
0.5454545454545454,0.4385732317050996,1
0.9285714285714286,1.0000000000000002,1
0.9285714285714286,1.0000000000000002,1
0.9285714285714286,1.0000000000000002,1
0.2857142857142857,0.0,1
1.0,1.0,1
1.0,1.0000000000000002,1
1.0,1.0000000000000002,1
1.0,1.0000000000000002,1
1.0,1.0000000000000002,1
1.0,1.0000000000000002,1
1.0,1.0000000000000002,1
1.0,1.0,1
1.0,1.0,1
1.0,1.0,1
1.0,1.0,1
1.0,1.0,1
1.0,1.0,1
1.0,1.0,1
1.0,1.0,1
1.0,1.0,1
1.0,1.0,1
0.6428571428571429,0.5620936840314332,1
1.0,1.0,1
0.6428571428571429,0.5532140418317194,1
0.6,0.5620936840314332,1
0.7333333333333333,0.8687255865200612,1
0.6428571428571429,0.5532140418317194,1
1.0,1.0,1
1.0,0.8433324149842072,1
1.0,1.0000000000000002,1
0.3333333333333333,0.0,1
1.0,1.0,1
1.0,1.0,1
1.0,1.0,1
0.75,0.1825311891659405,1
0.75,0.1957477206981967,1
1.0,1.0,1
1.0,1.0,1
1.0,1.0,1
0.75,0.1825311891659405,1
0.75,0.1957477206981967,1
1.0,1.0,1
1.0,1.0,1
0.75,0.1825311891659405,1
0.75,0.1957477206981967,1
1.0,1.0,1
0.75,0.1825311891659405,1
0.75,0.1957477206981967,1
1.0,1.0,1
0.8571428571428571,0.9324818113584404,1
0.4285714285714285,0.1825311891659405,1
0.5,0.1957477206981967,1
0.8888888888888888,0.9320169085084706,1
0.6153846153846154,0.5684468534231638,1
0.3333333333333333,0.0,1
1.0,1.0,1
0.8571428571428571,0.5472630330052735,1
1.0,1.0,1
0.3181818181818182,0.5369432135725891,1
1.0,1.0,1
0.5,0.387849616519835,1
0.625,0.4999449161518872,1
1.0,0.9271798221599205,1
0.5,0.5585891487068428,1
0.5,0.5585891487068428,1
1.0,1.0,1
0.9375,1.0000000000000002,1
0.4375,0.5585891487068428,1
0.4375,0.5585891487068428,1
1.0,1.0000000000000002,1
0.1142857142857142,0.2032406433607844,1
1.0,0.8030662082328445,1
0.7142857142857143,0.40852100571141,1
1.0,1.0,1
0.8571428571428571,0.6312601063133383,1
0.5555555555555556,0.40852100571141,1
0.5555555555555556,0.365164327512513,1
0.8571428571428571,0.6312601063133383,1
0.5,0.4506597953209418,1
0.4166666666666667,0.1748239073993968,1
0.3636363636363636,0.2994214034410876,1
1.0,0.6591934777854915,1
0.5,0.0,1
0.5833333333333334,0.4694603019838782,1
0.4444444444444444,0.6506787872209249,1
0.2,0.2704625432818384,1
0.3333333333333333,0.0,1
0.2222222222222222,0.0,1
0.4545454545454545,0.6046008549492335,1
1.0,1.0,1
0.8181818181818182,0.6768452770545323,1
1.0,1.0000000000000002,1
1.0,1.0000000000000002,1
1.0,1.0000000000000002,1
0.6,0.6437356812551526,1
1.0,1.0000000000000002,1
0.8181818181818182,0.6437356812551526,1
1.0,1.0,1
0.25,0.0,1
0.25,0.0,1
0.75,0.6690930508913695,1
1.0,1.0,1
1.0,1.0,1
0.6666666666666666,0.593830807789034,1
1.0,1.0,1
1.0,1.0,1
1.0,1.0,1
1.0,1.0,1
0.6666666666666666,0.593830807789034,1
1.0,1.0,1
1.0,1.0,1
1.0,1.0,1
0.6666666666666666,0.593830807789034,1
1.0,1.0,1
1.0,1.0,1
1.0,1.0,1
0.8,0.593830807789034,1
0.8,0.593830807789034,1
0.8,0.593830807789034,1
1.0,1.0,1
1.0,1.0,1
1.0,1.0,1
0.7272727272727273,0.3849733455551939,0
0.5454545454545454,0.3798536825385066,0
0.5454545454545454,0.3494453463312315,0
0.4545454545454545,0.1175167849723188,0
0.4545454545454545,0.1222030083912763,0
0.4545454545454545,0.1103555786198247,0
0.3333333333333333,0.1730431206060746,0
0.4545454545454545,0.1056478821766715,0
0.4545454545454545,0.1495790301451107,0
0.4545454545454545,0.1495790301451107,0
0.4545454545454545,0.1495790301451107,0
0.4545454545454545,0.1167339076511797,0
0.3636363636363636,0.043812008703373,0
0.4545454545454545,0.1644082579144,0
0.4545454545454545,0.2701727417814697,0
0.4545454545454545,0.2701727417814697,0
0.3636363636363636,0.1617733056032588,0
0.3636363636363636,0.114300138357134,0
0.3333333333333333,0.2228939337676644,0
0.5454545454545454,0.3313240244529969,0
0.2727272727272727,0.1518098493137914,0
0.4545454545454545,0.228049505406807,0
0.8461538461538461,0.7362880531737312,0
0.6923076923076923,0.6634452692974764,0
0.4615384615384615,0.3532077861922326,0
0.4615384615384615,0.1905802137883107,0
0.3846153846153846,0.2308602168654459,0
0.6363636363636364,0.4315932112305526,0
0.4615384615384615,0.2424090688884289,0
0.8666666666666667,0.7708581274507357,0
0.8666666666666667,0.7708581274507357,0
0.375,0.0978666510258503,0
0.4666666666666667,0.1465375688387265,0
0.5,0.100918143660895,0
0.4666666666666667,0.1617618262588814,0
0.4666666666666667,0.357393342059961,0
0.2666666666666666,0.0,0
0.3125,0.1074367116889498,0
0.6666666666666666,0.3001866499546251,0
0.6363636363636364,0.2817225930133148,0
0.6428571428571429,0.3378051031702375,0
0.6363636363636364,0.2936023699256106,0
0.3571428571428571,0.3671653792266156,0
0.3571428571428571,0.0788791929789763,0
0.4545454545454545,0.0692076193668425,0
0.4166666666666667,0.1655691556022788,0
0.4285714285714285,0.1619034860372081,0
0.1875,0.1106139312288162,0
0.9230769230769232,0.7210990806449099,0
0.7142857142857143,0.4496878677844808,0
0.375,0.2224352760469538,0
0.4,0.2196491567049656,0
0.3125,0.1588721917090437,0
0.4375,0.2950130416396981,0
0.4,0.1282558904919815,0
0.4285714285714285,0.0644830994982029,0
0.4285714285714285,0.0960634130315375,0
0.3125,0.088293552019143,0
0.375,0.1660654414470344,0
0.375,0.1087038584757371,0
0.6470588235294118,0.5706820209675368,0
0.4166666666666667,0.0916890633098213,0
0.3529411764705882,0.2603637434719763,0
0.4166666666666667,0.2137043291219086,0
0.5,0.3466022725604543,0
0.4166666666666667,0.211585498868185,0
0.4166666666666667,0.2666547610190433,0
0.4705882352941176,0.3544087770551001,0
0.8125,0.7220850695798725,0
0.5,0.2852506574831817,0
0.625,0.4186597503757086,0
0.4375,0.2400898967653235,0
0.375,0.1501131768105696,0
0.4545454545454545,0.164747724163696,0
0.4545454545454545,0.1825749434049466,0
0.2727272727272727,0.0974413030451072,0
0.5,0.1723886496176169,0
0.5714285714285714,0.1443743657779978,0
0.5,0.1404247696993201,0
0.3571428571428571,0.1271360024696534,0
0.45,0.2978348875122911,0
0.4285714285714285,0.2637594046206972,0
0.3888888888888889,0.2111013621957224,0
0.1428571428571428,0.0,0
0.3333333333333333,0.0532485333858111,0
0.3888888888888889,0.0963246353301936,0
0.5,0.2246230578153552,0
0.5,0.2601769003415185,0
0.5,0.3097983899914717,0
0.4375,0.2195378296273622,0
0.4117647058823529,0.1916822661890163,0
0.4545454545454545,0.2342532924987016,0
0.3636363636363636,0.1585752662702088,0
0.3636363636363636,0.1661905246383246,0
0.3636363636363636,0.1630160075694138,0
0.7058823529411765,0.6323626796485826,0
0.4117647058823529,0.2739443023701072,0
0.2941176470588235,0.1588910847193662,0
0.375,0.3751081265278317,0
0.5,0.2494983284738194,0
0.5,0.2868731306874403,0
0.4,0.1399653998709068,0
0.4545454545454545,0.1461692027751368,0
0.35,0.1550822589767994,0
0.3636363636363636,0.1336099272808074,0
0.6666666666666666,0.569206178654,0
0.2,0.0,0
0.4666666666666667,0.3892525228477575,0
0.4285714285714285,0.2803397938499628,0
0.2,0.0,0
0.4,0.1544013666653596,0
0.3571428571428571,0.1281607540818951,0
0.1818181818181818,0.0,0
0.4666666666666667,0.1240344191355713,0
0.4285714285714285,0.2425950189370184,0
0.3571428571428571,0.2096562817613079,0
0.3076923076923077,0.1243508068350979,0
0.2857142857142857,0.1417005020579088,0
0.4615384615384615,0.2810924139786894,0
0.4615384615384615,0.2142918009366855,0
0.5384615384615384,0.1380419365393617,0
0.6923076923076923,0.3865508132101062,0
0.7692307692307693,0.3041152274115911,0
0.6923076923076923,0.2090307832314354,0
0.7142857142857143,0.4597554013886346,0
0.5384615384615384,0.1453337765866468,0
0.1428571428571428,0.0,0
0.3076923076923077,0.0974141909722321,0
0.4545454545454545,0.2568166643693368,0
0.2727272727272727,0.0855659382487305,0
0.5384615384615384,0.2055589375283995,0
0.4545454545454545,0.1802702599581501,0
0.2727272727272727,0.1164815114860613,0
0.2307692307692307,0.1169654746006198,0
0.5384615384615384,0.1800545615095866,0
0.5625,0.2455451622847518,0
0.6923076923076923,0.501435599512523,0
0.6666666666666666,0.3922652466579813,0
0.4166666666666667,0.3215989245124396,0
0.4166666666666667,0.2478906797065195,0
0.1875,0.0,0
0.0,0.2091112438665425,0
0.0714285714285714,0.0296643757021508,0
0.0714285714285714,0.0721463718245832,0
0.0,0.1671617080308807,0
0.7692307692307693,0.5879865941308529,0
0.1538461538461538,0.0,0
0.5,0.4669226112475882,0
0.6923076923076923,0.4603782035000993,0
0.3846153846153846,0.2233421610795525,0
0.5714285714285714,0.4470966558857145,0
0.6,0.224557077287488,0
0.4375,0.2442362267259502,0
0.2,0.0,0
0.2,0.0,0
0.3333333333333333,0.1927501652000344,0
0.5833333333333334,0.4005688672870754,0
0.5555555555555556,0.2529041114979867,0
0.7272727272727273,0.5641119448490347,0
0.12,0.0972814907480247,0
0.7272727272727273,0.4908493650252986,0
0.75,0.0,0
0.5,0.0,0
1.0,0.0,0
0.3,0.21703576637914,0
0.2,0.0,0
0.25,0.0924696784991868,0
0.3636363636363636,0.2168293098390082,0
0.8181818181818182,0.6649725392835033,0
0.4,0.0,0
0.7272727272727273,0.4371528441086766,0
0.4,0.0,0
0.7272727272727273,0.6157388827655923,0
0.3636363636363636,0.0,0
0.4615384615384615,0.1315842927699817,0
0.2,0.0,0
0.4545454545454545,0.1038601923683435,0
0.3571428571428571,0.0754929210532136,0
0.4666666666666667,0.1550139488361822,0
0.45,0.3102904004484387,0
0.4666666666666667,0.3424847167082053,0
0.4666666666666667,0.1214589080858188,0
0.4666666666666667,0.1472364249421576,0
0.2,0.0,0
0.6,0.3655455624928325,0
0.25,0.1025777076567788,0
0.5555555555555556,0.3502932995807164,0
0.5555555555555556,0.2790108592933912,0
0.4285714285714285,0.0856890544660096,0
0.3333333333333333,0.1058617007479459,0
0.4285714285714285,0.1603281440009948,0
0.3333333333333333,0.0513243121712815,0
0.3333333333333333,0.0674835964608108,0
0.4285714285714285,0.1736996819694244,0
0.3333333333333333,0.1718420533895964,0
0.3333333333333333,0.2274919515277408,0
0.5714285714285714,0.2779801827367854,0
0.4285714285714285,0.1431739717142434,0
0.4285714285714285,0.0585916390108445,0
0.4285714285714285,0.0860981119235857,0
0.2142857142857142,0.0512539797559456,0
0.1428571428571428,0.0,0
0.2142857142857142,0.0528861419303068,0
0.2142857142857142,0.0531483249372202,0
0.2857142857142857,0.0,0
0.2857142857142857,0.0,0
0.2857142857142857,0.0,0
0.2857142857142857,0.0,0
0.1666666666666666,0.0,0
0.1666666666666666,0.0,0
0.5714285714285714,0.3364774530540912,0
0.4285714285714285,0.1634686322033631,0
0.1666666666666666,0.0,0
0.2,0.0663812725959748,0
0.5833333333333334,0.3031299409774556,0
0.5833333333333334,0.4259642261894253,0
0.5833333333333334,0.3072432139005844,0
0.5,0.245395860964357,0
0.4,0.1784545744093033,0
0.4,0.0864652677807343,0
0.3,0.0771922147483292,0
0.2307692307692307,0.0431911928743649,0
0.1538461538461538,0.0,0
0.5454545454545454,0.555325545408962,0
0.5454545454545454,0.555325545408962,0
0.5454545454545454,0.4481538484740939,0
0.5454545454545454,0.4481538484740939,0
0.8571428571428571,0.4693339179408149,0
0.4545454545454545,0.1957914665936204,0
0.3636363636363636,0.1634267431338815,0
0.5,0.2371436913685274,0
0.5833333333333334,0.5159449533074851,0
0.4166666666666667,0.2160659158585711,0
0.3157894736842105,0.2118063989076562,0
0.4285714285714285,0.229227280723974,0
0.4,0.1208546256309469,0
0.3,0.0,0
0.6875,0.4373153351080101,0
0.6363636363636364,0.2073122532928703,0
0.7142857142857143,0.4917591082180185,0
0.375,0.2507883634998389,0
0.5454545454545454,0.4745241749573945,0
0.4545454545454545,0.1993520367997239,0
0.5454545454545454,0.4745241749573945,0
0.6428571428571429,0.3791118214896324,0
0.3636363636363636,0.0737995877951684,0
0.4285714285714285,0.1736360580777818,0
0.375,0.1568022580678708,0
0.7142857142857143,0.5990674124551185,0
0.5,0.2791960403338776,0
0.4375,0.2979614991770553,0
0.2857142857142857,0.0367628675208646,0
0.3636363636363636,0.1652253254271284,0
0.4444444444444444,0.1343495893165481,0
0.4666666666666667,0.3080899262195403,0
0.5333333333333333,0.4557678251788152,0
0.4,0.2652834231936284,0
0.3076923076923077,0.0981638303080093,0
0.4,0.2670354273133939,0
0.5384615384615384,0.3053875462681812,0
0.2307692307692307,0.0277368514726648,0
0.375,0.0969139963463941,0
0.375,0.0925393381113879,0
0.375,0.1968014638454741,0
0.375,0.0703047508258397,0
0.6,0.3366372087787372,0
0.5,0.2019790417862629,0
0.3,0.0724949156690443,0
0.4,0.1292098249297468,0
0.3,0.0692184338174515,0
0.3888888888888889,0.0759477108413495,0
0.3571428571428571,0.1014634675284941,0
0.5,0.2815391631696224,0
0.5,0.2739342049091207,0
0.5333333333333333,0.216598728064322,0
0.5333333333333333,0.2699043641040565,0
0.6666666666666666,0.5292319457803282,0
0.3181818181818182,0.2548468069913859,0
0.8333333333333334,0.8017554317039426,0
0.2727272727272727,0.1783671911765277,0
0.6666666666666666,0.5292614248074345,0
0.5714285714285714,0.2613307648431303,0
0.3571428571428571,0.1625253846994009,0
0.6428571428571429,0.3548531066288777,0
0.2857142857142857,0.0787162248994141,0
0.2857142857142857,0.0344104747172107,0
0.6428571428571429,0.4602922867942868,0
0.3529411764705882,0.3157510256207272,0
0.2941176470588235,0.0489450295204304,0
0.2941176470588235,0.2464770926476898,0
0.6470588235294118,0.5630401966411835,0
0.6363636363636364,0.681907800251979,0
0.1875,0.0291789969409844,0
0.4705882352941176,0.2921203245224738,0
0.5454545454545454,0.3050256964507906,0
0.3529411764705882,0.2068549412962599,0
0.5454545454545454,0.3399255447992955,0
0.5555555555555556,0.2298607821275816,0
0.4545454545454545,0.1376981627260281,0
0.2352941176470588,0.1131422218608461,0
0.3636363636363636,0.1710430868735385,0
0.2631578947368421,0.1848453438180679,0
0.4736842105263157,0.341309388185869,0
0.1578947368421052,0.0858268803104799,0
0.2105263157894736,0.0353530903558648,0
0.2105263157894736,0.0449985163337163,0
0.2631578947368421,0.1488647895292556,0
0.5,0.2650066207944158,0
0.2777777777777778,0.1901445261592934,0
0.2222222222222222,0.0486198114062569,0
0.2666666666666666,0.1265101015405925,0
0.1666666666666666,0.0859166537985657,0
0.2222222222222222,0.0509212493457599,0
0.1333333333333333,0.0,0
0.3076923076923077,0.0824080292586515,0
0.2307692307692307,0.0,0
0.3846153846153846,0.0699013214274566,0
0.3076923076923077,0.0309888972682635,0
0.5714285714285714,0.3829714138090339,0
0.3846153846153846,0.1411162205923672,0
0.4,0.0,0
0.7692307692307693,0.3545002347871691,0
0.7272727272727273,0.3477526551641187,0
0.625,0.3506077439185214,0
0.25,0.0,0
0.2727272727272727,0.0,0
0.6153846153846154,0.4068982076418863,0
0.625,0.3946892928832083,0
0.375,0.180894405172114,0
0.1875,0.0388251010470371,0
0.1052631578947368,0.0,0
0.1578947368421052,0.0,0
0.1578947368421052,0.0501981053616991,0
0.25,0.1044417566752701,0
0.1666666666666666,0.0,0
0.15625,0.0820295265304021,0
0.2727272727272727,0.0707841473243101,0
0.1818181818181818,0.0,0
0.6666666666666666,0.2948977064215898,0
0.3333333333333333,0.1118894541507095,0
0.2222222222222222,0.0,0
0.3333333333333333,0.0,0
0.3333333333333333,0.0,0
0.1538461538461538,0.0,0
0.3846153846153846,0.0468134009971864,0
0.5384615384615384,0.1536457407174502,0
0.3846153846153846,0.1061542832862388,0
0.6153846153846154,0.414828542174255,0
0.2307692307692307,0.0807163212173198,0
0.3333333333333333,0.0,0
0.2857142857142857,0.1607899354048561,0
0.2142857142857142,0.0,0
0.1428571428571428,0.0,0
0.3333333333333333,0.1642601771805753,0
0.4166666666666667,0.4785559914116875,0
0.25,0.1685936044672136,0
0.4117647058823529,0.2782302990335141,0
0.2142857142857142,0.0,0
0.2857142857142857,0.0256224956451127,0
0.3333333333333333,0.0,0
0.5294117647058824,0.3625491545887857,0
0.1764705882352941,0.0858238968911002,0
0.2352941176470588,0.037358149938645,0
0.6923076923076923,0.5797965030700851,0
0.6875,0.5881928980776184,0
0.4375,0.3122904734315279,0
0.6153846153846154,0.4233018206764632,0
0.3636363636363636,0.1565674205759334,0
0.2727272727272727,0.1044722684225839,0
0.3636363636363636,0.1029370667209412,0
0.3636363636363636,0.0781602450423061,0
0.3636363636363636,0.0808725201907688,0
0.2142857142857142,0.0802081922263381,0
0.3571428571428571,0.070502039014038,0
0.2857142857142857,0.0453894211059981,0
0.2307692307692307,0.1236890592439128,0
0.4615384615384615,0.2280960412182428,0
0.2,0.0,0
0.3,0.0498042943201168,0
0.2,0.0,0
0.5333333333333333,0.3324413039176513,0
0.6,0.3960433655621114,0
0.7692307692307693,0.6589805717268078,0
0.5384615384615384,0.3650266261612856,0
0.25,0.044554506443459,0
0.2307692307692307,0.0685649390912086,0
0.2307692307692307,0.0703669674949178,0
0.2666666666666666,0.1059796714631149,0
0.3333333333333333,0.0944630175680852,0
0.1666666666666666,0.0,0
0.25,0.1050601869366394,0
0.1666666666666666,0.0935030760974171,0
0.1666666666666666,0.0,0
0.2,0.0,0
0.1111111111111111,0.0,0
0.25,0.0629162041721033,0
0.25,0.061714399409226,0
0.5,0.279694348266011,0
0.4285714285714285,0.2921684385507186,0
0.2142857142857142,0.0473219769101819,0
0.4,0.166977487454592,0
0.4545454545454545,0.1153717934567048,0
0.5333333333333333,0.3882469381757407,0
0.2666666666666666,0.2006328303933384,0
0.3529411764705882,0.1460740542466514,0
0.5882352941176471,0.3075958311074052,0
0.5882352941176471,0.3098380741260087,0
0.2,0.0303983580861376,0
0.2,0.0291977739509931,0
0.2,0.028806883582794,0
0.6,0.4140623688738597,0
0.5714285714285714,0.2848155887972178,0
0.5384615384615384,0.3971833191421014,0
0.3571428571428571,0.1811323383686275,0
0.3846153846153846,0.187917731101513,0
0.75,0.5696334689109036,0
0.6153846153846154,0.5237421889188456,0
0.4615384615384615,0.2268746785087217,0
0.35,0.1182034119168652,0
0.25,0.035112130986484,0
0.3,0.1169893970955198,0
0.5,0.0,0
0.375,0.0,0
0.2222222222222222,0.0,0
0.5,0.1798544341457756,0
0.5,0.1048466488249143,0
0.5,0.0974505313592229,0
0.3571428571428571,0.1703334906762455,0
0.1875,0.1255612919016892,0
0.1875,0.0995819294122342,0
0.3333333333333333,0.1423182891360077,0
0.5,0.1613774531226889,0
0.5,0.190713465747543,0
0.5,0.1410976676806632,0
0.3333333333333333,0.2298620203521611,0
0.375,0.1531297257946237,0
0.25,0.0,0
0.25,0.141432314490275,0
0.375,0.1216703223530466,0
0.2,0.0284199476217554,0
0.25,0.1103760782683482,0
0.2,0.0681278443968537,0
0.25,0.0,0
0.2,0.0296863477007442,0
0.375,0.1896589068943695,0
0.4375,0.2735667879118917,0
0.5294117647058824,0.4120714123885092,0
0.2941176470588235,0.0521317879313113,0
0.2352941176470588,0.0,0
0.3529411764705882,0.0834854051159973,0
0.4444444444444444,0.1833120304867985,0
0.3888888888888889,0.0924873477076939,0
0.1666666666666666,0.0,0
0.3888888888888889,0.0652054340728718,0
0.375,0.1768147224001871,0
0.625,0.3915976835453212,0
0.3125,0.0867396941060008,0
0.1666666666666666,0.1065469516793633,0
0.2727272727272727,0.1487502071459373,0
0.2727272727272727,0.0895000280518685,0
0.3571428571428571,0.0924933526979757,0
0.1333333333333333,0.0,0
0.1333333333333333,0.0,0
0.1333333333333333,0.0,0
0.25,0.0450767995586108,0
0.25,0.065162732644486,0
0.4285714285714285,0.1240664754903699,0
0.4285714285714285,0.1299392110163909,0
0.4545454545454545,0.1504225549592121,0
0.2222222222222222,0.0,0
0.3333333333333333,0.0,0
0.3333333333333333,0.0955549092522331,0
0.1578947368421052,0.030480248320515,0
0.2105263157894736,0.0315379576456835,0
1.0,1.0,1
1.0,1.0,1
1.0,1.0,1
0.8181818181818182,0.6551873269649873,1
1.0,1.0,1
1.0,1.0,1
1.0,1.0,1
0.8181818181818182,0.6551873269649873,1
1.0,1.0,1
1.0,1.0,1
0.8181818181818182,0.6551873269649873,1
1.0,1.0,1
0.8181818181818182,0.6551873269649873,1
1.0,1.0,1
0.75,0.6551873269649873,1
0.7692307692307693,0.7889260105221398,1
1.0,1.0,1
0.5625,0.2462696856984602,1
0.5625,0.2462696856984602,1
1.0,1.0000000000000002,1
0.5625,0.2462696856984602,1
0.9333333333333332,1.0000000000000002,1
0.6,0.2462696856984602,1
0.9333333333333332,1.0000000000000002,1
0.6,0.2462696856984602,1
0.9333333333333332,1.0000000000000002,1
0.5625,0.2462696856984602,1
0.8181818181818182,0.4443507273969982,1
0.9090909090909092,0.7233565041937181,1
0.8181818181818182,0.5938059606879692,1
0.5454545454545454,0.5801679858004222,1
0.8181818181818182,0.4443507273969982,1
0.8571428571428571,0.5823393520299492,1
0.8571428571428571,0.8823522260050736,1
0.5,0.7736352222421787,1
0.9285714285714286,1.0000000000000002,1
0.7857142857142857,0.5974026108760204,1
0.4285714285714285,0.431978824093452,1
0.8571428571428571,0.5823393520299492,1
0.5833333333333334,0.8137063686139174,1
1.0,0.8823522260050736,1
1.0,0.7736352222421787,1
0.5625,0.4378450294274422,1
0.5625,0.4827690832849429,1
0.25,0.2181295107566779,1
0.8666666666666667,0.906945048030374,1
0.4,0.6287924031758032,1
0.4615384615384615,0.6933081607770625,1
1.0,1.0000000000000002,1
0.6666666666666666,0.4934040372641134,1
0.5714285714285714,0.1458991742180307,1
1.0,1.0000000000000002,1
0.7142857142857143,0.5072419565841938,1
0.7142857142857143,0.4296860205204437,1
0.5714285714285714,0.1458991742180307,1
0.4,0.1458991742180307,1
0.5,0.1529018996209445,1
0.5,0.1295236088524055,1
1.0,1.0,1
0.7142857142857143,0.5072419565841938,1
0.7142857142857143,0.4296860205204437,1
0.5714285714285714,0.1458991742180307,1
0.7222222222222222,0.4292229989574295,1
0.5555555555555556,0.1529018996209445,1
0.4545454545454545,0.1295236088524055,1
0.7058823529411765,0.659274159978116,1
0.6875,0.6975569795271549,1
0.5714285714285714,0.1455392466980153,1
0.3571428571428571,0.1393878076206711,1
0.5714285714285714,0.3012854998239266,1
0.5714285714285714,0.1455392466980153,1
0.35,0.0905472157767625,1
0.5,0.2158267496324676,1
1.0,1.0000000000000002,1
0.7272727272727273,0.329291512549579,1
0.6363636363636364,0.0905472157767625,1
0.6666666666666666,0.2158267496324676,1
0.9230769230769232,0.8161264813191453,1
0.6153846153846154,0.4594434089396285,1
1.0,1.0,1
1.0,1.0,1
0.5714285714285714,0.4594434089396285,1
1.0,1.0,1
0.625,0.3442410065251526,1
0.7692307692307693,0.4456384933459084,1
1.0,1.0,1
0.5384615384615384,0.2004778216459598,1
0.4545454545454545,0.4456384933459084,1
0.3181818181818182,0.0319056008614224,1
0.5384615384615384,0.2004778216459598,1
0.8571428571428571,0.8093409435496386,1
0.5714285714285714,0.398919789479331,1
0.6923076923076923,0.5811427252829743,1
0.375,0.4328635002271811,1
0.625,0.5599966578679884,1
0.7,0.418420447842665,1
0.5833333333333334,0.4964361931248716,1
0.8333333333333334,0.6037354740989056,1
0.7777777777777778,0.598427885269,1
0.36,0.4761719431764465,1
1.0,0.0,1
0.9,0.7540242869899665,1
0.6,0.2539300032678581,1
0.6,0.2539300032678581,1
0.3,0.0884179118935996,1
0.6,0.2677172421743647,1
0.6,0.2677172421743647,1
0.3,0.0932186005054357,1
1.0,1.0,1
0.4545454545454545,0.3902710728291465,1
0.4545454545454545,0.3902710728291465,1
0.6666666666666666,0.2011777140499545,1
0.9333333333333332,1.0000000000000002,1
0.9333333333333332,1.0000000000000002,1
0.5333333333333333,0.332089263299251,1
0.5,0.2011777140499545,1
0.5,0.2011777140499545,1
0.4,0.1351593860275513,1
0.9333333333333332,1.0000000000000002,1
0.5333333333333333,0.332089263299251,1
0.5333333333333333,0.332089263299251,1
1.0,0.8664747895328684,1
1.0,0.6964070015240501,1
0.7,0.8243393308508544,1
0.8333333333333334,0.6034191100747672,1
0.5833333333333334,0.7142692482026596,1
0.4090909090909091,0.5740756816361854,1
0.5555555555555556,0.3403057187001382,1
0.8888888888888888,0.6659599974819189,1
0.5555555555555556,0.4769127283563247,1
0.7777777777777778,0.4294924639857172,1
0.7777777777777778,0.7135597321400893,1
0.5833333333333334,0.6019012069215214,1
0.9333333333333332,0.7983105801996146,1
1.0,1.0000000000000002,1
0.7142857142857143,0.2144392237996479,1
1.0,1.0,1
0.4166666666666667,0.2144392237996479,1
1.0,1.0,1
0.8571428571428571,0.6478449228308606,1
0.9090909090909092,1.0,1
0.6363636363636364,0.7328101156907948,1
0.6363636363636364,0.7328101156907948,1
0.6666666666666666,0.5408830132025213,1
0.631578947368421,0.7284748850963121,1
0.5625,0.5128872070501442,1
0.8125,0.7065641486445898,1
0.5625,0.5128872070501442,1
0.5625,0.5128872070501442,1
0.7272727272727273,0.3821053592894612,1
0.9090909090909092,1.0,1
0.9090909090909092,1.0,1
0.5714285714285714,0.3821053592894612,1
0.5714285714285714,0.3821053592894612,1
0.9090909090909092,1.0,1
0.3333333333333333,0.0847397761251631,1
0.4666666666666667,0.2364986233005043,1
0.8,0.6919538565402519,1
0.8,0.631170346215512,1
0.4615384615384615,0.1627332951150621,1
0.4615384615384615,0.1484382654244083,1
1.0,0.9121566998287208,1
1.0,1.0,1
1.0,0.8032999203085347,1
0.7692307692307693,0.4308785523524861,1
0.5714285714285714,0.3446087957970015,1
0.4285714285714285,0.315452769414226,1
0.4090909090909091,0.4461875838629021,1
0.2727272727272727,0.2249590007860625,1
0.5833333333333334,0.4708734702068257,1
0.6363636363636364,0.3710495083175786,1
0.9090909090909092,1.0000000000000002,1
0.8181818181818182,0.6037234965781549,1
0.9090909090909092,1.0000000000000002,1
0.9090909090909092,1.0000000000000002,1
0.9090909090909092,1.0000000000000002,1
0.6363636363636364,0.3869927448226222,1
0.6363636363636364,0.5312356620539357,1
0.9090909090909092,1.0000000000000002,1
0.8181818181818182,0.608530145677621,1
0.6363636363636364,0.3753419604463182,1
0.4375,0.3710495083175786,1
0.6875,0.6298550287962389,1
0.4375,0.3710495083175786,1
0.4375,0.3710495083175786,1
0.4375,0.3710495083175786,1
0.9375,0.8572570138191699,1
0.4375,0.2740723196931727,1
0.4375,0.3710495083175786,1
0.6875,0.5484121798078933,1
0.9375,0.8314484766910144,1
0.8181818181818182,0.6037234965781549,1
0.9090909090909092,1.0000000000000002,1
0.9090909090909092,1.0000000000000002,1
0.9090909090909092,1.0000000000000002,1
0.6363636363636364,0.3869927448226222,1
0.6363636363636364,0.5312356620539357,1
0.9090909090909092,1.0000000000000002,1
0.8181818181818182,0.608530145677621,1
0.6363636363636364,0.3753419604463182,1
0.6428571428571429,0.6037234965781549,1
0.6428571428571429,0.6037234965781549,1
0.6428571428571429,0.6037234965781549,1
0.7857142857142857,0.6569186078143644,1
0.5,0.3339650980604911,1
0.6428571428571429,0.6037234965781549,1
1.0,0.8573916075739931,1
0.7857142857142857,0.6371414487982826,1
0.9090909090909092,1.0000000000000002,1
0.9090909090909092,1.0000000000000002,1
0.6363636363636364,0.3869927448226222,1
0.6363636363636364,0.5312356620539357,1
0.9090909090909092,1.0000000000000002,1
0.8181818181818182,0.608530145677621,1
0.6363636363636364,0.3753419604463182,1
0.9090909090909092,1.0000000000000002,1
0.6363636363636364,0.3869927448226222,1
0.6363636363636364,0.5312356620539357,1
0.9090909090909092,1.0000000000000002,1
0.8181818181818182,0.608530145677621,1
0.6363636363636364,0.3753419604463182,1
0.6363636363636364,0.3869927448226222,1
0.6363636363636364,0.5312356620539357,1
0.8181818181818182,0.608530145677621,1
0.6363636363636364,0.3753419604463182,1
0.4375,0.2858486452626821,1
0.4375,0.3869927448226222,1
0.6875,0.5719763266102122,1
0.9375,0.8671741127813264,1
0.7777777777777778,0.5312356620539357,1
0.8888888888888888,0.5202712229654969,1
0.7777777777777778,0.2772429001298099,1
0.6363636363636364,0.3753419604463182,1
0.6470588235294118,0.5547564356979409,1
0.3684210526315789,0.3828303103121674,1
0.3529411764705882,0.2545119867427383,1
0.3571428571428571,0.3311886838339098,1
0.5714285714285714,0.4908502549382312,1
1.0,1.0000000000000002,1
0.7,0.4272806202149183,1
0.5,0.3311886838339098,1
0.6153846153846154,0.4908502549382312,1
0.8461538461538461,0.5337590481605903,1
0.8461538461538461,0.5337590481605903,1
0.6923076923076923,0.5405469922250623,1
0.8461538461538461,0.5337590481605903,1
0.9375,1.0,1
0.5625,0.5528055825857101,1
0.9375,1.0,1
0.5625,0.5528055825857101,1
0.9375,1.0,1
0.8181818181818182,0.5528055825857101,1
1.0,1.0,1
0.6666666666666666,0.3360083470963798,1
0.1875,0.1761058955371612,1
1.0,1.0,1
0.3529411764705882,0.3109746852234402,1
1.0,1.0,1
0.4615384615384615,0.3109746852234402,1
0.5384615384615384,0.2799396732390524,1
0.3846153846153846,0.3144741906883965,1
1.0,1.0,1
0.6923076923076923,0.6698841562951967,1
0.5384615384615384,0.2799396732390524,1
0.4615384615384615,0.1556961419222854,1
0.5384615384615384,0.2799396732390524,1
0.5384615384615384,0.1972062574904275,1
1.0,1.0,1
0.4166666666666667,0.3144741906883965,1
0.5833333333333334,0.2921012140946956,1
0.5,0.1556961419222854,1
0.6923076923076923,0.6698841562951967,1
0.5384615384615384,0.2799396732390524,1
0.5384615384615384,0.1972062574904275,1
1.0,1.0000000000000002,1
1.0,1.0,1
0.6363636363636364,0.6581143667365191,1
0.4,0.3747678634011799,1
1.0,1.0,1
0.5625,0.5194436566585515,1
0.6428571428571429,0.5685004377659546,1
1.0,1.0000000000000002,1
0.5384615384615384,0.2911113612033918,1
0.5384615384615384,0.2911113612033918,1
0.5384615384615384,0.2911113612033918,1
0.5384615384615384,0.2911113612033918,1
0.5384615384615384,0.2911113612033918,1
0.5384615384615384,0.2911113612033918,1
1.0,1.0,1
1.0,1.0,1
1.0,1.0,1
0.7857142857142857,0.8551083406474245,1
0.9285714285714286,1.0000000000000002,1
0.8461538461538461,0.8551083406474245,1
0.4375,0.3458525063817018,1
1.0,1.0000000000000002,1
0.375,0.3774642499669215,1
0.5384615384615384,0.3458525063817018,1
0.8461538461538461,0.9162523508173556,1
0.375,0.3774642499669215,1
0.7333333333333333,0.4956076530109518,1
0.8,0.9008073511943492,1
0.5555555555555556,0.5344753556142278,1
0.4285714285714285,0.5585253106572509,1
0.6363636363636364,0.3287473884942528,1
0.8181818181818182,0.5465922684421187,1
0.5384615384615384,0.2201723988260921,1
0.9411764705882352,1.0,1
0.7692307692307693,0.7677425035806567,1
0.6153846153846154,0.5248582052249264,1
0.7692307692307693,0.8174199987073264,1
0.6923076923076923,0.6691298931791542,1
0.95,1.0000000000000002,1
0.7333333333333333,0.8571017641859165,1
0.5,0.2580453740651161,1
0.5714285714285714,0.4285186716703087,1
0.3333333333333333,0.2112567846929721,1
0.5555555555555556,0.3007706502052863,1
0.6666666666666666,0.4529430477856778,1
0.875,0.4459692238182509,1
0.625,0.5220631609659793,1
0.3,0.385641551207,1
1.0,0.2871340831857171,1
1.0,0.2871340831857171,1
1.0,1.0,1
1.0,1.0000000000000002,1
1.0,1.0000000000000002,1
0.7,0.4628240778636782,1
1.0,1.0000000000000002,1
0.7,0.4628240778636782,1
0.7,0.4628240778636782,1
0.8,0.7299273516141158,1
0.9166666666666666,0.915785577447301,1
0.75,0.4649551321717419,1
0.6875,0.5461901327794444,1
0.9375,1.0,1
0.8461538461538461,0.5461901327794444,1
0.7777777777777778,0.7397132176554385,1
0.5384615384615384,0.199526405945316,1
0.9230769230769232,0.795785924576988,1
0.5384615384615384,0.199526405945316,1
0.375,0.0929515506745328,1
0.9375,1.0000000000000002,1
0.4,0.0929515506745328,1
1.0,1.0000000000000004,1
0.9090909090909092,0.7154766182146233,1
0.5,0.4309091522830103,1
0.5384615384615384,0.5285057457626104,1
0.5384615384615384,0.5285057457626104,1
1.0,1.0,1
0.6363636363636364,0.7150541806300863,1
1.0,0.7992039211685125,1
0.8888888888888888,0.6381776906304147,1
0.6,0.4014495035894614,1
0.2857142857142857,0.0,0
0.4285714285714285,0.3325840618858325,0
1.0,1.0000000000000002,0
0.1666666666666666,0.6149457233510158,0
0.4,0.0,0
0.4,0.0,0
0.0,0.0,0
0.6666666666666666,0.5538345470522216,0
0.0,0.1649570790774295,0
0.8333333333333334,0.6546900874696129,0
0.7777777777777778,0.7465068362465042,0
0.6666666666666666,0.4460968823799671,0
0.5714285714285714,0.1880783801939637,0
0.4285714285714285,0.0,0
0.4285714285714285,0.1311680954561561,0
0.6666666666666666,0.7665602900460994,0
0.5,0.2097416110474155,0
0.7142857142857143,0.5870076167661074,0
0.4285714285714285,0.2405765595655308,0
0.4285714285714285,0.2405765595655308,0
0.7142857142857143,0.4793263860603955,0
0.8333333333333334,0.541633290730648,0
0.5,0.159080062769391,0
0.8571428571428571,1.0000000000000002,0
0.4285714285714285,0.0,0
0.75,0.6609990818612781,0
0.7142857142857143,0.5870076167661074,0
0.4285714285714285,0.2405765595655308,0
0.5,0.223618399319523,0
0.6666666666666666,1.0,0
0.7142857142857143,0.4455388313641623,0
0.7142857142857143,0.4793263860603955,0
0.4285714285714285,0.1825976292998351,0
0.625,0.4441561973496304,0
0.2857142857142857,0.0,0
0.8571428571428571,1.0000000000000002,0
0.8571428571428571,1.0000000000000002,0
0.5714285714285714,0.1880783801939637,0
0.4285714285714285,0.0,0
0.4285714285714285,0.1923587928216806,0
0.4285714285714285,0.1923587928216806,0
0.4285714285714285,0.2020302557584222,0
0.75,0.7194559803796376,0
0.8333333333333334,0.6120639639763392,0
0.8333333333333334,0.6120639639763392,0
0.0,0.6120639639763392,0
0.4285714285714285,0.1159828358576092,0
0.4285714285714285,0.117109045426262,0
0.5,0.0,0
0.3333333333333333,0.0,0
0.5,0.1606247524430659,0
0.6666666666666666,0.525627789040171,0
0.6666666666666666,0.1880783801939637,0
0.5,0.2020302557584222,0
0.3333333333333333,0.0,0
0.8333333333333334,0.8881436818779986,0
0.8333333333333334,0.7428882691126822,0
0.5,0.2736139789276093,0
1.0,1.0000000000000002,0
0.8571428571428571,0.8364505476656992,0
0.0,0.8364505476656989,0
0.5,0.1768991030730255,0
0.2857142857142857,0.0,0
0.1428571428571428,1.0000000000000002,1
1.0,1.0,1
0.0,0.5538345470522216,1
1.0,1.0,1
1.0,1.0,1
1.0,1.0,1
0.3333333333333333,0.0,1
1.0,1.0,1
1.0,1.0000000000000002,1
1.0,1.0000000000000002,1
1.0,1.0,1
0.8571428571428571,0.9073677729722912,1
0.8571428571428571,0.9073677729722912,1
1.0,0.8200155545764571,1
1.0,0.8200155545764571,1
1.0,1.0,1
1.0,1.0000000000000002,1
1.0,1.0,1
1.0,1.0,1
1.0,1.0,1
1.0,1.0000000000000002,1
1.0,1.0000000000000002,1
1.0,1.0000000000000002,1
1.0,1.0000000000000002,1
1.0,1.0000000000000002,1
1.0,1.0000000000000002,1
1.0,1.0,1
1.0,1.0,1
1.0,1.0,1
1.0,1.0000000000000002,1
1.0,1.0,1
1.0,1.0000000000000002,1
1.0,1.0000000000000002,1
1.0,0.9999999999999998,1
0.0,0.8047189147119986,1
0.0,0.8047189147119986,1
0.8571428571428571,0.8364505476656992,1
1.0,1.0,1
1.0,1.0000000000000002,1
0.75,0.5920174113427256,0
0.8,0.2650065699320784,0
0.8,0.2828408723597455,0
1.0,0.9090924654269196,0
0.875,0.6607277279172508,0
0.5,0.1879134909080451,0
0.375,0.2213750229520093,0
0.375,0.2213750229520093,0
0.375,0.2213750229520093,0
0.375,0.2213750229520093,0
0.375,0.1164825837325928,0
0.25,0.0,0
0.25,0.0,0
0.3333333333333333,0.0874973974745307,0
0.25,0.0,0
0.2222222222222222,0.0,0
0.8333333333333334,0.4523652286575623,0
0.6666666666666666,0.2684352741023005,0
0.5,0.1524872288791007,0
0.6666666666666666,0.275461500918365,0
0.6666666666666666,0.2349087452365849,0
0.3076923076923077,0.1062645482526087,0
0.4,0.1563127200566194,0
0.6666666666666666,0.2864830571239252,0
0.5714285714285714,0.2370527992069037,0
0.7142857142857143,0.4780858128572855,0
0.7142857142857143,0.4780858128572855,0
0.2307692307692307,0.0689799201592524,0
0.2,0.0,0
0.6363636363636364,0.1769604175367362,0
0.5714285714285714,0.1513898385149915,0
0.5454545454545454,0.2419320072453733,0
0.3636363636363636,0.1952968567855988,0
0.5625,0.3520912588921708,0
0.375,0.2577758313339786,0
0.5714285714285714,0.2028700844522402,0
0.3529411764705882,0.1783928425685145,0
0.375,0.2064316211599435,0
0.3636363636363636,0.2027691178323347,0
0.375,0.2580696668205249,0
0.5714285714285714,0.2423262614671063,0
0.375,0.1328123637408868,0
0.3636363636363636,0.1652381778003252,0
0.25,0.138573462522952,0
0.2631578947368421,0.2300809438774757,0
0.5882352941176471,0.3050012170603853,0
0.4210526315789473,0.1662525066675012,0
0.5882352941176471,0.3867305641391651,0
0.5625,0.3276117969610981,0
0.2105263157894736,0.1719791281239269,0
0.2941176470588235,0.1425230571834067,0
0.2105263157894736,0.1393402819999472,0
0.2941176470588235,0.1146221585066903,0
0.25,0.1663589231916701,0
0.2105263157894736,0.1135495115725316,0
0.2941176470588235,0.1033775032442776,0
0.5,0.2102179504121407,0
0.5,0.2102179504121407,0
0.5,0.2140950446163005,0
0.3333333333333333,0.0,0
0.3333333333333333,0.0,0
0.3333333333333333,0.0,0
0.3333333333333333,0.0,0
0.3333333333333333,0.0,0
0.3333333333333333,0.0,0
0.3333333333333333,0.0,0
0.3333333333333333,0.0,0
0.3333333333333333,0.0,0
0.3333333333333333,0.0,0
0.3333333333333333,0.0,0
0.8333333333333334,0.6064072748555388,0
0.6666666666666666,0.3161196781628812,0
0.6666666666666666,0.5427300610387755,0
0.8181818181818182,0.6128196842180642,0
0.4545454545454545,0.1794428459531166,0
0.3636363636363636,0.1872266691767413,0
0.6363636363636364,0.566885145564101,0
0.3636363636363636,0.1480035070094773,0
0.4444444444444444,0.2906965089289095,0
0.6,0.1908207383884417,0
0.2222222222222222,0.0,0
0.875,0.5730321737416023,0
0.6923076923076923,0.5823526899671875,0
0.7142857142857143,0.3947508082026038,0
0.6153846153846154,0.4119983200195977,0
0.5,0.4017288674085019,0
0.75,0.327749965803567,0
0.5714285714285714,0.337974573194793,0
0.5,0.2564739726925362,0
0.3846153846153846,0.1305347500259159,0
0.3571428571428571,0.1094237745542574,0
0.3846153846153846,0.2132822967865054,0
0.5,0.2229294193608365,0
0.4117647058823529,0.1858694698347143,0
0.6153846153846154,0.4999760631677225,0
0.3076923076923077,0.2698053230532272,0
0.2307692307692307,0.0,0
0.1764705882352941,0.0,0
0.3846153846153846,0.258588347668931,0
0.25,0.0,0
0.375,0.0,0
0.375,0.1148357870879516,0
0.5,0.0,0
0.375,0.0,0
0.5,0.0,0
0.375,0.0,0
0.3636363636363636,0.1665180548919211,0
0.3636363636363636,0.1665180548919211,0
0.3636363636363636,0.1133549412904538,0
0.3636363636363636,0.1061551698423892,0
0.3636363636363636,0.0934969824361508,0
0.5,0.1390515368639687,0
0.3333333333333333,0.0,0
0.9333333333333332,1.0000000000000002,0
0.9333333333333332,1.0000000000000002,0
0.2727272727272727,0.1323741700978261,0
0.2857142857142857,0.0,0
0.3333333333333333,0.0,0
0.3333333333333333,0.0,0
0.5714285714285714,0.1717016587358365,0
0.5714285714285714,0.1717016587358365,0
0.5714285714285714,0.4974098464235633,0
0.5714285714285714,0.4974098464235633,0
0.4285714285714285,0.1617514023597392,0
0.4285714285714285,0.1617514023597392,0
0.5714285714285714,0.1411577771763874,0
0.4285714285714285,0.1416222953170408,0
0.4285714285714285,0.1416222953170408,0
0.2857142857142857,0.0,0
0.2857142857142857,0.0,0
0.4,0.4189725573971559,0
0.2,0.1218676963341015,0
0.2,0.0908205902072727,0
0.1333333333333333,0.0,0
0.0,0.1309919498041524,0
0.75,0.379264572660664,0
0.4285714285714285,0.1853814578300461,0
0.3333333333333333,0.0594954448084792,0
0.5555555555555556,0.2852627125398653,0
0.3333333333333333,0.1512908277503981,0
0.2727272727272727,0.1477513520031378,0
0.2727272727272727,0.110110106258672,0
0.8181818181818182,0.6046955083303094,0
0.5833333333333334,0.5211840903117452,0
0.6363636363636364,0.3623184891551171,0
0.5833333333333334,0.1582633243881789,0
0.4545454545454545,0.136059301981391,0
0.25,0.0,0
0.25,0.0,0
0.25,0.0,0
0.25,0.0,0
0.25,0.0,0
0.25,0.0,0
0.375,0.1462792091985581,0
0.375,0.1257565337698181,0
0.25,0.136676100219273,0
0.2222222222222222,0.0,0
0.375,0.2684678258643639,0
0.5714285714285714,0.1834794042467122,0
0.4705882352941176,0.19090913991783,0
0.5714285714285714,0.2090026940688647,0
0.25,0.1651284280554636,0
0.2941176470588235,0.0986890908037087,0
0.625,0.3833427189976841,0
0.1666666666666666,0.0,0
0.25,0.1209334191276698,0
0.5,0.3299983509442638,0
0.5,0.3299983509442638,0
0.2,0.0,0
0.2,0.0,0
0.2,0.0,0
0.2,0.0,0
0.5714285714285714,0.3343051828374232,0
0.6666666666666666,0.2670860715993319,0
0.5333333333333333,0.304818614412053,0
0.2222222222222222,0.0,0
0.2222222222222222,0.0,0
0.2,0.0,0
0.3076923076923077,0.2146170613747089,0
0.3333333333333333,0.0792576289817513,0
0.25,0.0,0
1.0,1.0000000000000002,1
1.0,1.0000000000000002,1
1.0,1.0000000000000002,1
1.0,1.0000000000000002,1
0.75,0.4991456991978968,1
1.0,1.0000000000000002,1
1.0,1.0000000000000002,1
1.0,1.0000000000000002,1
1.0,1.0000000000000002,1
1.0,1.0000000000000002,1
0.75,0.4991456991978968,1
1.0,1.0000000000000002,1
0.75,0.4991456991978968,1
0.75,0.4991456991978968,1
1.0,1.0,1
1.0,1.0,1
1.0,1.0,1
0.4615384615384615,0.3599128294284758,1
0.6923076923076923,0.7028305732290732,1
0.4615384615384615,0.3599128294284758,1
0.4615384615384615,0.4349618651108876,1
0.4615384615384615,0.3599128294284758,1
0.4615384615384615,0.4349618651108876,1
0.4615384615384615,0.3599128294284758,1
0.4615384615384615,0.3599128294284758,1
0.8571428571428571,0.4514831261404928,1
1.0,1.0000000000000002,1
0.8571428571428571,0.8274583550829702,1
1.0,1.0000000000000002,1
0.8571428571428571,0.8274583550829702,1
1.0,1.0000000000000002,1
1.0,1.0000000000000002,1
0.6,0.4514831261404928,1
0.6,0.5456264032710408,1
0.6,0.4514831261404928,1
0.6,0.5456264032710408,1
0.6,0.4514831261404928,1
0.6,0.4514831261404928,1
0.8571428571428571,0.8274583550829702,1
1.0,1.0000000000000002,1
0.8571428571428571,0.8274583550829702,1
1.0,1.0000000000000002,1
1.0,1.0000000000000002,1
1.0,0.8274583550829702,1
1.0,1.0,1
1.0,0.8274583550829702,1
1.0,0.8274583550829702,1
0.8571428571428571,0.8274583550829702,1
1.0,1.0000000000000002,1
1.0,1.0000000000000002,1
1.0,0.8274583550829702,1
1.0,0.8274583550829702,1
1.0,1.0000000000000002,1
1.0,0.7702711996801301,1
1.0,0.677973213568585,1
0.6363636363636364,0.8367608058850813,1
0.75,0.5222232405664671,1
0.4375,0.6445327497944142,1
0.4117647058823529,0.5673014125541476,1
0.7894736842105263,0.6947522026291902,1
0.8823529411764706,0.8294674494377506,1
1.0,1.0,1
1.0,1.0,1
1.0,1.0,1
1.0,1.0,1
1.0,1.0,1
1.0,1.0,1
1.0,1.0,1
1.0,1.0,1
1.0,1.0,1
1.0,1.0,1
1.0,1.0,1
1.0,1.0,1
1.0,1.0,1
1.0,1.0,1
1.0,1.0,1
1.0,1.0,1
1.0,1.0,1
1.0,1.0,1
1.0,1.0,1
1.0,1.0,1
1.0,1.0,1
1.0,0.5824620761890983,1
1.0,1.0,1
1.0,0.5824620761890983,1
1.0,0.5824620761890983,1
1.0,0.7013566065919351,1
1.0,1.0000000000000002,1
1.0,0.6838746216301221,1
0.6153846153846154,0.7013566065919351,1
0.8461538461538461,0.591241346407676,1
1.0,0.6838746216301221,1
1.0,1.0000000000000002,1
0.7058823529411765,0.7424587170505083,1
0.7647058823529411,0.5837658222062208,1
0.4117647058823529,0.6345872606465759,1
0.7647058823529411,0.5442817579398364,1
0.4117647058823529,0.6345872606465759,1
0.9230769230769232,0.7862603115837729,1
0.5384615384615384,0.8547104991473969,1
0.9230769230769232,0.7330801638400183,1
0.5384615384615384,0.8547104991473969,1
0.4117647058823529,0.6720249433735543,1
0.8823529411764706,0.770016756121085,1
0.4117647058823529,0.6720249433735543,1
0.3888888888888889,0.6265713127507575,1
1.0,1.0000000000000002,1
1.0,1.0000000000000002,1
0.75,0.4960287561004557,1
1.0,1.0000000000000002,1
0.75,0.4960287561004557,1
0.75,0.4960287561004557,1
0.625,0.3180870383815637,1
1.0,1.0000000000000002,1
1.0,1.0000000000000002,1
0.75,0.4960287561004557,1
1.0,1.0000000000000002,1
0.75,0.4960287561004557,1
0.75,0.4960287561004557,1
0.625,0.3180870383815637,1
1.0,1.0000000000000002,1
0.75,0.4960287561004557,1
1.0,1.0000000000000002,1
0.75,0.4960287561004557,1
0.75,0.4960287561004557,1
0.625,0.3180870383815637,1
1.0,1.0000000000000002,1
0.75,0.4960287561004557,1
1.0,1.0,1
1.0,1.0,1
0.875,0.9072451909152016,1
0.75,0.4960287561004557,1
0.75,0.4960287561004557,1
0.75,0.4960287561004557,1
0.625,0.3180870383815637,1
1.0,1.0000000000000002,1
1.0,1.0,1
0.875,0.9072451909152016,1
0.75,0.4960287561004557,1
0.875,0.9072451909152016,1
0.75,0.4960287561004557,1
0.7142857142857143,0.3180870383815637,1
1.0,1.0000000000000002,1
1.0,1.0000000000000002,1
1.0,1.0000000000000002,1
1.0,1.0,1
1.0,1.0,1
1.0,1.0,1
1.0,1.0000000000000002,1
0.6363636363636364,0.801091642630313,1
1.0,1.0,1
1.0,0.801091642630313,1
1.0,1.0,1
1.0,1.0000000000000002,1
1.0,1.0000000000000002,1
1.0,1.0000000000000002,1
1.0,1.0000000000000002,1
1.0,1.0000000000000002,1
1.0,1.0000000000000002,1
1.0,1.0000000000000002,1
1.0,1.0000000000000002,1
1.0,1.0000000000000002,1
1.0,1.0,1
1.0,1.0,1
1.0,1.0,1
0.8888888888888888,1.0,1
0.8888888888888888,1.0,1
0.8888888888888888,1.0,1
1.0,1.0000000000000002,1
0.9090909090909092,1.0000000000000002,1
0.9090909090909092,1.0000000000000002,1
0.9090909090909092,1.0000000000000002,1
0.9090909090909092,1.0,1
1.0,1.0000000000000002,1
1.0,1.0000000000000002,1
1.0,1.0000000000000002,1
1.0,1.0000000000000002,1
0.4444444444444444,0.5187292255401004,1
0.4444444444444444,0.1855102513492953,1
0.4444444444444444,0.5187292255401004,1
0.4444444444444444,0.1855102513492953,1
0.8,0.3576244449233456,1
1.0,0.7256779893434914,1
1.0,0.6238668439136461,1
0.875,0.6855207205827395,1
0.875,0.8851299678167012,1
1.0,1.0000000000000004,1
1.0,1.0,1
1.0,1.0,1
1.0,1.0,1
1.0,1.0,1
1.0,1.0,1
1.0,1.0,1
1.0,1.0,1
1.0,1.0,1
1.0,1.0,1
1.0,1.0,1
1.0,1.0000000000000002,1
0.8888888888888888,0.7502614414325078,1
0.8888888888888888,0.5215692439279371,1
0.9090909090909092,0.6951833256045806,1
1.0,1.0000000000000002,1
0.875,0.6272322679696198,1
0.875,0.6272322679696198,1
1.0,1.0,1
0.75,0.4991456991978968,1
1.0,1.0,1
1.0,0.6265713127507575,1
1.0,1.0,1
0.9375,0.6895788579360883,1
0.5714285714285714,0.269556244123792,0
0.5714285714285714,0.1662583018426455,0
0.2857142857142857,0.0,0
0.8,0.5427300610387755,0
0.4,0.0,0
0.6,0.1908207383884417,0
0.4,0.0,0
0.875,0.5857646335426198,0
0.375,0.1818892954740979,0
0.625,0.4913810310780393,0
0.625,0.4292256633060139,0
0.5,0.2102179504121407,0
0.5,0.2213750229520093,0
0.3333333333333333,0.0,0
0.5,0.2140950446163005,0
0.5,0.1899442128440676,0
0.5,0.1899442128440676,0
0.3333333333333333,0.0,0
0.5,0.1432379461727677,0
0.4375,0.1414617854109184,0
0.625,0.3521337269411563,0
0.7142857142857143,0.5521658851245338,0
0.4285714285714285,0.1560176988397321,0
0.4285714285714285,0.1522192824452791,0
0.875,0.6607277279172508,0
0.875,0.6607277279172508,0
0.7142857142857143,0.2908721612705782,0
0.7142857142857143,0.3229961251491857,0
0.6666666666666666,0.4827311560029735,0
0.4285714285714285,0.1532665501768834,0
0.8571428571428571,1.0000000000000002,0
1.0,1.0,0
1.0,1.0,0
1.0,1.0,1
0.8888888888888888,0.7450341482669594,1
0.0,0.537797114841261,1
0.8,1.0,0
0.25,0.2302430188915316,0
0.7142857142857143,0.7324766478692303,0
0.0,0.1265561103991969,0
0.7272727272727273,0.5132617049224909,0
0.6666666666666666,0.6017701867659937,0
0.6,0.4377188948292567,1
0.6153846153846154,0.4594434089396285,1
0.6428571428571429,0.5349069760207505,1
0.9090909090909092,1.0000000000000002,1
0.8181818181818182,0.608530145677621,1
0.7857142857142857,0.7837171613361629,1
0.8461538461538461,0.6331040320432417,0
0.1538461538461538,0.0,0
0.8571428571428571,0.5799132975281356,0
0.7142857142857143,0.3308429657828652,0
0.3571428571428571,0.1764808141557154,0
0.6666666666666666,0.6318832411398692,0
0.4,0.3238418489708869,0
0.1333333333333333,0.0,0
0.1333333333333333,0.0,0
0.7142857142857143,0.4680307302833847,0
0.7142857142857143,0.4199101403967618,0
0.5714285714285714,0.3809397366712675,0
0.7142857142857143,0.4260219493682216,0
0.4166666666666667,0.2683988896966811,0
0.4166666666666667,0.1928028141073476,0
0.4166666666666667,0.2125479437701288,0
0.6363636363636364,0.681907800251979,0
0.5454545454545454,0.3399255447992955,0
0.7142857142857143,0.3932361534164357,0
0.7857142857142857,0.8287397064000568,0
0.6428571428571429,0.502610237199564,0
0.4285714285714285,0.2386015614410127,0
0.5,0.3765063212323221,0
0.5882352941176471,0.3891991480763731,0
0.8181818181818182,0.7558400104694758,0
0.8181818181818182,0.6176371099433922,0
0.7272727272727273,0.5265428558206147,0
0.5,0.2953606368888689,0
0.7857142857142857,0.6638287518453473,0
0.6923076923076923,0.499678317448467,0
0.5454545454545454,0.5459733609290947,0
0.4375,0.2670851932968418,0
0.6111111111111112,0.3539607808698946,0
0.7777777777777778,0.5649406075603338,0
0.6666666666666666,0.4308606274894859,0
0.5,0.3346082560127666,0
0.3571428571428571,0.3818418981207728,0
0.875,0.6829936516023928,0
0.5555555555555556,0.2729389222267719,0
0.3125,0.32027767720961,0
